{"nodes":{"node:1":{"location":{"x":10,"y":10}},"node:3":{"location":{"x":200,"y":50}},"node:5":{"location":{"x":400,"y":100}}},"selection":null,"view":{"scroll":{"x":-128.660995483398438,"y":-103.277053833007812},"visible_rect":{"max":{"x":2263.36181640625,"y":1119.0001220703125},"min":{"x":-164.028610229492188,"y":-131.6668701171875}},"zoom":0.784381449222564697}}